{
    "camera_matrix" : [
        [396.60766343, 0.0, 298.06234745],
        [0.0, 398.37155665,247.25577069],
        [0.0, 0.0, 1.0]
    ],
    "distortion" : [-0.00768303, 0.32295163, 0.01507819, -0.01811558, -0.41555602]
}