{"camera_matrix": [[660.9833183442397, 0.0, 327.1143206769265], [0.0, 661.0147372199436, 226.02885968347553], [0.0, 0.0, 1.0]], "distortion": [0.09716314708901888, -0.8810866894201106, -0.005326322104055395, 0.003454896994750731, 1.4464565648908503]}